{
    "version": 1,
    "texSize": [
      3640.0,
      280.0
    ],
    "slots": [
      {
        "name": "lcd_door_left",
        "texArea": [
          0.0,
          0,
          1820.0,
          280.0
        ],
        "pos": [
          [
            [
              -0.7413982,
              2.6135707,
              -1.6869998
            ],
            [
              -0.806103,
              2.3720894,
              -1.6869998
            ],
            [
              -0.8061029,
              2.3720891,
              -3.3119998
            ],
            [
              -0.7413981,
              2.6135707,
              -3.3119998
            ]
          ]
        ],
        "offsets": [
          [
            0.0,
            0.0,
            0.0
          ],
          [
            0.0,
            0.0,
            5.0
          ],
          [
            0.0,
            0.0,
            10.0
          ],
          [
            0.0,
            0.0,
            -5.0
          ]
        ]
      },
      {
        "name": "lcd_door_right",
        "texArea": [
          1820.0,
          0,
          1820.0,
          280.0
        ],
        "pos": [
          [
            [
              0.7397038,
              2.6147175,
              -3.312
            ],
            [
              0.80440855,
              2.373236,
              -3.312
            ],
            [
              0.80440855,
              2.373236,
              -1.687
            ],
            [
              0.7397038,
              2.6147175,
              -1.687
            ]
          ]
        ],
        "offsets": [
          [
            0.0,
            0.0,
            0.0
          ],
          [
            0.0,
            0.0,
            5.0
          ],
          [
            0.0,
            0.0,
            10.0
          ],
          [
            0.0,
            0.0,
            -5.0
          ]
        ]
      }
    ]
  }